 Description,Coupon,Coupon Frequency,Maturity Date,Moody's Rating,S&P Rating,Expected Price,Expected Yield,Call Protected,Offering Period,Settlement Date,Attributes
"UNITED STATES TREAS BILLS               ZERO CPN","0.000","N/A","07/07/2026","--","--","N/A","3.668","Yes","N/A","06/09/2026","CP SFP RI "
"BEAL BANK USA","3.650","AT MATURITY","07/08/2026","--","--","100.000","3.650","Yes","N/A","06/10/2026","CP SFP FDIC SO SKY "
"OCEANFIRST BANK NA","3.850","AT MATURITY","07/13/2026","--","--","100.000","3.850","Yes","N/A","06/12/2026","CP SFP FDIC SO "
"TRADITION CAPITAL BANK","3.900","AT MATURITY","07/13/2026","--","--","100.000","3.900","Yes","N/A","06/12/2026","CP SFP FDIC SO "
"SOUTHSTATE BANK NA","3.800","AT MATURITY","07/13/2026","--","--","100.000","3.800","Yes","N/A","06/12/2026","CP SFP FDIC SO "
"WEX BANK","3.850","AT MATURITY","07/13/2026","--","--","100.000","3.850","Yes","N/A","06/12/2026","CP SFP FDIC SO SKY "
"CONNECTONE BANK","3.850","AT MATURITY","07/15/2026","--","--","100.000","3.850","Yes","N/A","06/15/2026","CP SFP FDIC SO "
"UNITED STATES TREAS BILLS ZERO CPN","0.000","N/A","08/04/2026","--","--","N/A","3.668","Yes","N/A","06/09/2026","CP SFP RI "
"BEAL BANK USA","3.650","AT MATURITY","08/12/2026","--","--","100.000","3.650","Yes","N/A","06/10/2026","CP SFP FDIC SO SKY "
"WEBBANK","3.850","AT MATURITY","08/12/2026","--","--","100.000","3.850","Yes","N/A","06/08/2026","CP SFP FDIC SO SKY "
"TRUIST BANK","3.900","AT MATURITY","09/03/2026","--","--","100.000","3.900","Yes","N/A","06/05/2026","CP SFP FDIC SO SKY "
"KEYBANK NA","3.900","AT MATURITY","09/08/2026","--","--","100.000","3.900","Yes","N/A","06/05/2026","CP SFP FDIC SO SKY "
"RELIANCE BANK","3.850","AT MATURITY","09/08/2026","--","--","100.000","3.850","Yes","N/A","06/08/2026","CP SFP FDIC SO "
"MIZRAHI TEFAHOT BANK","3.950","AT MATURITY","09/08/2026","--","--","100.000","3.950","Yes","N/A","06/15/2026","CP SFP FDIC SO SKY "
"KEARNY BANK","3.900","AT MATURITY","09/08/2026","--","--","100.000","3.900","Yes","N/A","06/08/2026","CP SFP FDIC SO SKY "
"GOLDMAN SACHS BANK USA","3.700","AT MATURITY","09/09/2026","--","--","100.000","3.700","Yes","N/A","06/09/2026","CP SFP FDIC SO "
"NORTHPOINTE BANK","3.950","AT MATURITY","09/09/2026","--","--","100.000","3.950","Yes","N/A","06/09/2026","CP SFP FDIC SO "
"VALLEY NATIONAL BANK","3.900","AT MATURITY","09/09/2026","--","--","100.000","3.900","Yes","N/A","06/09/2026","CP SFP FDIC SO "
"ZIONS BANCORPORATION","3.900","AT MATURITY","09/10/2026","--","--","100.000","3.900","Yes","N/A","06/10/2026","CP SFP FDIC SO "
"OLD NATIONAL BANK","3.900","AT MATURITY","09/10/2026","--","--","100.000","3.900","Yes","N/A","06/10/2026","CP SFP FDIC SO SKY "
"ASSOCIATED BANK NA","3.900","AT MATURITY","09/10/2026","--","--","100.000","3.900","Yes","N/A","06/10/2026","CP SFP FDIC SO SKY "
"OCEANFIRST BANK NA","3.900","AT MATURITY","09/14/2026","--","--","100.000","3.900","Yes","N/A","06/12/2026","CP SFP FDIC SO "
"MERCHANTS BK OF INDIANA","3.900","AT MATURITY","09/14/2026","--","--","100.000","3.900","Yes","N/A","06/12/2026","CP SFP FDIC SO "
"SOUTHSTATE BANK NA","3.900","AT MATURITY","09/14/2026","--","--","100.000","3.900","Yes","N/A","06/12/2026","CP SFP FDIC SO "
"UNITY BANK","3.900","AT MATURITY","09/14/2026","--","--","100.000","3.900","Yes","N/A","06/15/2026","CP SFP FDIC SO "
"CUMBERLAND FEDERAL BK","3.850","AT MATURITY","09/18/2026","--","--","100.000","3.850","Yes","N/A","06/18/2026","CP SFP FDIC SO SKY "
"HANOVER COMMUNITY BANK","3.900","AT MATURITY","09/21/2026","--","--","100.000","3.900","Yes","N/A","06/22/2026","CP SFP FDIC SO "
"UNITED STATES TREAS BILLS ZERO CPN","0.000","N/A","10/06/2026","--","--","N/A","3.696","Yes","N/A","06/09/2026","CP SFP "
"WAYLAND MASS BD     ANTIC NTS","4.000","AT MATURITY","11/13/2026","--","--","100.560","2.650","Yes","OPEN ORDER PERIOD","06/12/2026","CP SFP C TE GO "
"SOFI BANK NA","3.950","AT MATURITY","11/18/2026","--","--","100.000","3.950","Yes","N/A","06/18/2026","CP SFP FDIC SO "
"COMMUNITY STATE BANK","3.950","AT MATURITY","11/18/2026","--","--","100.000","3.950","Yes","N/A","06/18/2026","CP SFP FDIC SO "
"TRUIST BANK","3.900","AT MATURITY","12/02/2026","--","--","100.000","3.900","Yes","N/A","06/05/2026","CP SFP FDIC SO SKY "
"MANCHESTER          BY-THE-SEA MASS GEN OBLIG BD ANTIC NTS","4.000","AT MATURITY","12/03/2026","--","--","100.625","2.550","Yes","OPEN ORDER PERIOD","06/26/2026","CP SFP C TE GO "
"BANK OF AMERICA, NA","3.850","AT MATURITY","12/04/2026","--","--","100.000","3.850","Yes","N/A","06/04/2026","CP SFP FDIC SO "
"KEYBANK NA","3.900","AT MATURITY","12/07/2026","--","--","100.000","3.900","Yes","N/A","06/05/2026","CP SFP FDIC SO SKY "
"CITY NATIONAL BANK","3.900","AT MATURITY","12/07/2026","--","--","100.000","3.900","Yes","N/A","06/05/2026","CP SFP FDIC SO "
"BANK HAPOALIM B.M.","3.950","AT MATURITY","12/08/2026","--","--","100.000","3.950","Yes","N/A","06/08/2026","CP SFP FDIC SO SKY "
"WEBBANK","3.900","AT MATURITY","12/09/2026","--","--","100.000","3.900","Yes","N/A","06/08/2026","CP SFP FDIC SO SKY "
"GOLDMAN SACHS BANK USA","3.800","AT MATURITY","12/09/2026","--","--","100.000","3.800","Yes","N/A","06/09/2026","CP SFP FDIC SO "
"OLD NATIONAL BANK","3.950","AT MATURITY","12/10/2026","--","--","100.000","3.950","Yes","N/A","06/10/2026","CP SFP FDIC SO SKY "
"ASSOCIATED BANK NA","3.900","AT MATURITY","12/10/2026","--","--","100.000","3.900","Yes","N/A","06/10/2026","CP SFP FDIC SO SKY "
"THE FARMERS BANK","3.900","AT MATURITY","12/10/2026","--","--","100.000","3.900","Yes","N/A","06/10/2026","CP SFP FDIC SO SKY "
"PINNACLE BANK","3.900","AT MATURITY","12/14/2026","--","--","100.000","3.900","Yes","N/A","06/12/2026","CP SFP FDIC SO "
"SOUTHSTATE BANK NA","3.850","AT MATURITY","12/14/2026","--","--","100.000","3.850","Yes","N/A","06/12/2026","CP SFP FDIC SO "
"MIZRAHI TEFAHOT BANK","3.950","AT MATURITY","12/15/2026","--","--","100.000","3.950","Yes","N/A","06/15/2026","CP SFP FDIC SO SKY "
"BANK OF CHINA","3.950","AT MATURITY","12/15/2026","--","--","100.000","3.950","Yes","N/A","06/10/2026","CP SFP FDIC SO SKY "
"CUMBERLAND FEDERAL BK","3.900","AT MATURITY","12/18/2026","--","--","100.000","3.900","Yes","N/A","06/18/2026","CP SFP FDIC SO SKY "
"SOFI BANK NA","3.950","AT MATURITY","12/18/2026","--","--","100.000","3.950","Yes","N/A","06/18/2026","CP SFP FDIC SO "
"FIRST WESTERN BANK","3.900","AT MATURITY","01/12/2027","--","--","100.000","3.900","Yes","N/A","06/12/2026","CP SFP FDIC SO "
"JOHN MARSHALL BANK","3.900","MONTHLY","01/22/2027","--","--","100.000","3.900","Yes","N/A","06/22/2026","CP SFP FDIC SO "
"SOUTHSTATE BANK NA","3.900","AT MATURITY","02/12/2027","--","--","100.000","3.900","Yes","N/A","06/12/2026","CP SFP FDIC SO "
"CUMBERLAND FEDERAL BK","3.900","MONTHLY","02/16/2027","--","--","100.000","3.900","Yes","N/A","06/16/2026","CP SFP FDIC SO SKY "
"TOWN OF FLOWER MOUND, TX, GENERAL OBLIGATION IMPROVEMENT & REFUNDING BONDS SERIES 2026","5.000","SEMI-ANNUAL","03/01/2027","NR","AAA","101.636","2.560","Yes","UNTIL WEDNESDAY, 06/03 @ 11:30 A.M. ET","06/25/2026","CP SFP SKY N TE GO "
"TOWN OF FLOWER MOUND, TX, CERTIFICATES OF OBLIGATION        SERIES              2026","5.000","SEMI-ANNUAL","03/01/2027","NR","AAA","101.636","2.560","Yes","UNTIL WEDNESDAY, 06/03 @ 11:30 A.M. ET","06/25/2026","CP SFP SKY N TE GO "
"TRUIST BANK","3.950","AT MATURITY","03/02/2027","--","--","100.000","3.950","Yes","N/A","06/05/2026","CP SFP FDIC SO SKY "
"BANK OF AMERICA, NA","3.900","AT MATURITY","03/04/2027","--","--","100.000","3.900","Yes","N/A","06/04/2026","CP SFP FDIC SO "
"BANK OF AMERICA CA NA","3.900","AT MATURITY","03/04/2027","--","--","100.000","3.900","Yes","N/A","06/04/2026","CP SFP FDIC SO "
"SYNCHRONY BANK","3.900","AT MATURITY","03/05/2027","--","--","100.000","3.900","Yes","N/A","06/05/2026","CP SFP FDIC SO SKY "
"WELLS FARGO BANK NA","3.950","AT MATURITY","03/05/2027","--","--","100.000","3.950","Yes","N/A","06/05/2026","CP SFP FDIC SO "
"WAFD BK FOA WASHINGTON FB","3.950","AT MATURITY","03/08/2027","--","--","100.000","3.950","Yes","N/A","06/08/2026","CP SFP FDIC SO "
"GOLDMAN SACHS BANK USA","3.900","AT MATURITY","03/09/2027","--","--","100.000","3.900","Yes","N/A","06/09/2026","CP SFP FDIC SO "
"HINGHAM INSTITUTION FOR SAVINGS","3.900","AT MATURITY","03/10/2027","--","--","100.000","3.900","Yes","N/A","06/10/2026","CP SFP FDIC SO SKY "
"ASSOCIATED BANK NA","3.950","AT MATURITY","03/10/2027","--","--","100.000","3.950","Yes","N/A","06/10/2026","CP SFP FDIC SO SKY "
"OLD NATIONAL BANK","3.950","AT MATURITY","03/10/2027","--","--","100.000","3.950","Yes","N/A","06/10/2026","CP SFP FDIC SO SKY "
"ZIONS BANCORPORATION","3.900","AT MATURITY","03/10/2027","--","--","100.000","3.900","Yes","N/A","06/10/2026","CP SFP FDIC SO "
"AMERICAN BK & TR CO","3.950","AT MATURITY","03/12/2027","--","--","100.000","3.950","Yes","N/A","06/12/2026","CP SFP FDIC SO SKY "
"PINNACLE BANK","3.950","AT MATURITY","03/12/2027","--","--","100.000","3.950","Yes","N/A","06/12/2026","CP SFP FDIC SO "
"BMO BANK  NA","3.950","AT MATURITY","03/12/2027","--","--","100.000","3.950","Yes","N/A","06/12/2026","CP SFP FDIC SO "
"BANK OF CHINA","3.950","AT MATURITY","03/15/2027","--","--","100.000","3.950","Yes","N/A","06/10/2026","CP SFP FDIC SO SKY "
"CUMBERLAND FEDERAL BK","3.900","MONTHLY","03/16/2027","--","--","100.000","3.900","Yes","N/A","06/16/2026","CP SFP FDIC SO SKY "
"TRIAD BUSINESS BANK","3.950","MONTHLY","03/17/2027","--","--","100.000","3.950","Yes","N/A","06/17/2026","CP SFP FDIC SO "
"COMMUNITY WEST BK FOA CENTRAL VALLEY CB","3.900","MONTHLY","05/10/2027","--","--","100.000","3.900","Yes","N/A","06/10/2026","CP SFP FDIC SO "
"BANK OF CHINA","4.000","AT MATURITY","06/03/2027","--","--","100.000","4.000","Yes","N/A","06/10/2026","CP SFP FDIC SO SKY "
"SAFRA NATIONAL BANK","4.000","AT MATURITY","06/04/2027","--","--","100.000","4.000","Yes","N/A","06/05/2026","CP SFP FDIC SO "
"TRUIST BANK","4.000","AT MATURITY","06/04/2027","--","--","100.000","4.000","Yes","N/A","06/05/2026","CP SFP FDIC SO SKY "
"BMW BANK NA","4.000","AT MATURITY","06/04/2027","--","--","100.000","4.000","Yes","N/A","06/05/2026","CP SFP FDIC SO SKY "
"DENNIS MASS GEN     OBLIG BD ANTIC NTS","4.000","AT MATURITY","06/04/2027","--","--","101.459","2.500","Yes","OPEN ORDER PERIOD","06/05/2026","CP SFP C TE GO "
"BANKWELL BANK","4.000","AT MATURITY","06/04/2027","--","--","100.000","4.000","Yes","N/A","06/05/2026","CP SFP FDIC SO "
"WEBBANK","4.000","AT MATURITY","06/04/2027","--","--","100.000","4.000","Yes","N/A","06/08/2026","CP SFP FDIC SO SKY "
"WELLS FARGO BANK NA","4.000","AT MATURITY","06/04/2027","--","--","100.000","4.000","Yes","N/A","06/05/2026","CP SFP FDIC SO "
"WAFD BK FOA WASHINGTON FB","3.950","AT MATURITY","06/08/2027","--","--","100.000","3.950","Yes","N/A","06/08/2026","CP SFP FDIC SO "
"FIRST FEDERAL BANK","4.050","AT MATURITY","06/09/2027","--","--","100.000","4.050","No","N/A","06/09/2026","SFP FDIC SO SKY "
"GOLDMAN SACHS BANK USA","4.000","AT MATURITY","06/09/2027","--","--","100.000","4.000","Yes","N/A","06/09/2026","CP SFP FDIC SO "
"BANK OF NEW YORK MELLON","4.000","AT MATURITY","06/09/2027","--","--","100.000","4.000","Yes","N/A","06/09/2026","CP SFP FDIC SO "
"MANUFACTURERS & TRADERS TRUST COMPANY","3.950","AT MATURITY","06/09/2027","--","--","100.000","3.950","Yes","N/A","06/09/2026","CP SFP FDIC SO SKY "
"MORGAN STANLEY BANK","4.000","AT MATURITY","06/10/2027","--","--","100.000","4.000","Yes","N/A","06/10/2026","CP SFP FDIC SO "
"COMMUNITY WEST BK FOA CENTRAL VALLEY CB","3.900","MONTHLY","06/10/2027","--","--","100.000","3.900","Yes","N/A","06/10/2026","CP SFP FDIC SO "
"ASSOCIATED BANK NA","4.000","AT MATURITY","06/10/2027","--","--","100.000","4.000","Yes","N/A","06/10/2026","CP SFP FDIC SO SKY "
"MORGAN STANLEY PRIVATE BANK","4.000","AT MATURITY","06/10/2027","--","--","100.000","4.000","Yes","N/A","06/10/2026","CP SFP FDIC SO "
"PINNACLE BANK","4.000","AT MATURITY","06/11/2027","--","--","100.000","4.000","Yes","N/A","06/12/2026","CP SFP FDIC SO "
"BMO BANK  NA","4.000","AT MATURITY","06/11/2027","--","--","100.000","4.000","Yes","N/A","06/12/2026","CP SFP FDIC SO "
"PROVINCETOWN MASS   GEN OBLIG MUN PURP  LN BDS SER. 2026","5.000","SEMI-ANNUAL","06/15/2027","--","AA+","102.649","2.290","Yes","OPEN ORDER PERIOD","06/17/2026","CP SFP C TE GO "
"BANK HAPOALIM B.M.","4.050","SEMIANNUAL","06/16/2027","--","--","100.000","4.050","Yes","N/A","06/08/2026","CP SFP FDIC SO SKY "
"PREMIER BANK MAPLEWOOD","3.950","AT MATURITY","06/16/2027","--","--","100.000","3.950","Yes","N/A","06/16/2026","CP SFP FDIC SO "
"VALLEY NATIONAL BANK","4.000","SEMIANNUAL","07/09/2027","--","--","100.000","4.000","Yes","N/A","06/09/2026","CP SFP FDIC SO "
"COMMUNITY WEST BK FOA CENTRAL VALLEY CB","3.950","MONTHLY","07/12/2027","--","--","100.000","3.950","Yes","N/A","06/10/2026","CP SFP FDIC SO "
"THOMASVILLE NATIONAL BANK","4.050","MONTHLY","09/17/2027","--","--","100.000","4.050","Yes","N/A","06/17/2026","CP SFP FDIC SO "
"WELLS FARGO BANK NA","4.050","MONTHLY","12/06/2027","--","--","100.000","4.050","Yes","N/A","06/05/2026","CP SFP FDIC SO "
"BANK OF AMERICA, NA","4.050","SEMIANNUAL","12/06/2027","--","--","100.000","4.050","Yes","N/A","06/04/2026","CP SFP FDIC SO "
"GOLDMAN SACHS BANK USA","4.000","SEMIANNUAL","12/09/2027","--","--","100.000","4.000","Yes","N/A","06/09/2026","CP SFP FDIC SO "
"RAYMOND JAMES BANK NA","4.050","SEMIANNUAL","12/10/2027","--","--","100.000","4.050","Yes","N/A","06/10/2026","CP SFP FDIC SO "
"MORGAN STANLEY PRIVATE BANK","4.100","SEMIANNUAL","12/10/2027","--","--","100.000","4.100","Yes","N/A","06/10/2026","CP SFP FDIC SO "
"JP MORGAN CHASE","4.150","ANNUAL","12/10/2027","--","--","100.000","4.150","No","N/A","06/10/2026","SFP FDIC SO "
"BANK HAPOALIM B.M.","4.100","SEMIANNUAL","12/10/2027","--","--","100.000","4.100","Yes","N/A","06/10/2026","CP SFP FDIC SO SKY "
"FIRST FINANCIAL BANK USA","4.050","SEMIANNUAL","12/13/2027","--","--","100.000","4.050","Yes","N/A","06/11/2026","CP SFP FDIC SO "
"JOHN MARSHALL BANK","4.000","MONTHLY","01/24/2028","--","--","100.000","4.000","Yes","N/A","06/22/2026","CP SFP FDIC SO "
"NORTHLAKE TEX       COMBINATION TAX LTD SURP REV CTFS OBLIG SER. 2026","5.000","SEMI-ANNUAL","02/15/2028","--","AA","103.676","2.690","Yes","OPEN ORDER PERIOD","06/25/2026","CP SFP C TE R "
"TOWN OF FLOWER MOUND, TX, GENERAL OBLIGATION IMPROVEMENT & REFUNDING BONDS SERIES 2026","5.000","SEMI-ANNUAL","03/01/2028","NR","AAA","103.940","2.590","Yes","UNTIL WEDNESDAY, 06/03 @ 11:30 A.M. ET","06/25/2026","CP SFP SKY N TE GO "
"TOWN OF FLOWER MOUND, TX, CERTIFICATES OF OBLIGATION        SERIES              2026","5.000","SEMI-ANNUAL","03/01/2028","NR","AAA","103.940","2.590","Yes","UNTIL WEDNESDAY, 06/03 @ 11:30 A.M. ET","06/25/2026","CP SFP SKY N TE GO "
"FINANCIAL FEDERAL BANK","4.000","MONTHLY","03/17/2028","--","--","100.000","4.000","Yes","N/A","06/17/2026","CP SFP FDIC SO "
"WEST HARTFORD CONN  GEN OBLIG BDS SER.  2026 A","5.000","SEMI-ANNUAL","06/01/2028","--","AAA","105.196","2.290","Yes","OPEN ORDER PERIOD","06/11/2026","CP SFP C TE GO "
"BANK OF TENNESSEE","4.050","MONTHLY","06/05/2028","--","--","100.000","4.050","No","N/A","06/05/2026","SFP FDIC SO "
"CELTIC BANK","4.000","MONTHLY","06/05/2028","--","--","100.000","4.000","Yes","N/A","06/04/2026","CP SFP FDIC SO SKY "
"BMW BANK NA","4.050","SEMIANNUAL","06/05/2028","--","--","100.000","4.050","Yes","N/A","06/05/2026","CP SFP FDIC SO SKY "
"BANK OF AMERICA, NA","4.100","SEMIANNUAL","06/05/2028","--","--","100.000","4.100","Yes","N/A","06/04/2026","CP SFP FDIC SO "
"WELLS FARGO BANK NA","4.100","MONTHLY","06/05/2028","--","--","100.000","4.100","Yes","N/A","06/05/2026","CP SFP FDIC SO "
"BANK HAPOALIM B.M.","4.100","SEMIANNUAL","06/09/2028","--","--","100.000","4.100","Yes","N/A","06/12/2026","CP SFP FDIC SO SKY "
"GOLDMAN SACHS BANK USA","4.050","SEMIANNUAL","06/09/2028","--","--","100.000","4.050","Yes","N/A","06/09/2026","CP SFP FDIC SO "
"POPULAR BANK","4.100","QUARTERLY","06/09/2028","--","--","100.000","4.100","Yes","N/A","06/10/2026","CP SFP FDIC SO SKY "
"MANUFACTURERS & TRADERS TRUST COMPANY","4.050","SEMIANNUAL","06/09/2028","--","--","100.000","4.050","Yes","N/A","06/09/2026","CP SFP FDIC SO SKY "
"JP MORGAN CHASE","4.250","ANNUAL","06/12/2028","--","--","100.000","4.250","No","N/A","06/12/2026","SFP FDIC SO "
"FIRST AMERICAN STATE BANK","4.150","MONTHLY","06/12/2028","--","--","100.000","4.150","No","N/A","06/10/2026","SFP FDIC SO "
"RAYMOND JAMES BANK NA","4.050","SEMIANNUAL","06/12/2028","--","--","100.000","4.050","Yes","N/A","06/10/2026","CP SFP FDIC SO "
"MORGAN STANLEY PRIVATE BANK","4.150","SEMIANNUAL","06/12/2028","--","--","100.000","4.150","Yes","N/A","06/10/2026","CP SFP FDIC SO "
"MORGAN STANLEY BANK","4.150","SEMIANNUAL","06/12/2028","--","--","100.000","4.150","Yes","N/A","06/10/2026","CP SFP FDIC SO "
"FIRST FINANCIAL BANK USA","4.100","MONTHLY","06/12/2028","--","--","100.000","4.100","Yes","N/A","06/12/2026","CP SFP FDIC SO SKY "
"ELBA N Y CENT SCH   DIST GEN OBLIG BDS  SER. 2026","4.000","SEMI-ANNUAL","06/15/2028","--","AA","102.668","2.620","Yes","OPEN ORDER PERIOD","06/16/2026","CP SFP I C TE GO "
"JOHN MARSHALL BANK","4.000","MONTHLY","06/22/2028","--","--","100.000","4.000","Yes","N/A","06/22/2026","CP SFP FDIC SO "
"FIRST NATIONAL BANK","4.100","MONTHLY","06/26/2028","--","--","100.000","4.100","Yes","N/A","06/25/2026","CP SFP FDIC SO "
"MINNWEST BANK","4.000","MONTHLY","10/12/2028","--","--","100.000","4.000","Yes","N/A","06/12/2026","CP SFP FDIC SO "
"JOHN MARSHALL BANK","4.050","MONTHLY","10/23/2028","--","--","100.000","4.050","Yes","N/A","06/22/2026","CP SFP FDIC SO "
"BANK HAPOALIM B.M.","4.100","SEMIANNUAL","12/08/2028","--","--","100.000","4.100","Yes","N/A","06/10/2026","CP SFP FDIC SO SKY "
"NATIONAL BANK OF COMMERCE","4.000","MONTHLY","12/11/2028","--","--","100.000","4.000","Yes","N/A","06/09/2026","CP SFP FDIC SO "
"MI BANK","4.150","MONTHLY","12/12/2028","--","--","100.000","4.150","No","N/A","06/12/2026","SFP FDIC SO "
"FEDERAL NATL MTG    ASSN NOTE","4.300","SEMI-ANNUAL","12/22/2028","AA1","AA+","100.000","4.300","No","N/A","06/22/2026","SFP "
"TOWN OF FLOWER MOUND, TX, GENERAL OBLIGATION IMPROVEMENT & REFUNDING BONDS SERIES 2026","5.000","SEMI-ANNUAL","03/01/2029","NR","AAA","106.017","2.660","Yes","UNTIL WEDNESDAY, 06/03 @ 11:30 A.M. ET","06/25/2026","CP SFP SKY N TE GO "
"TOWN OF FLOWER MOUND, TX, CERTIFICATES OF OBLIGATION        SERIES              2026","5.000","SEMI-ANNUAL","03/01/2029","NR","AAA","106.017","2.660","Yes","UNTIL WEDNESDAY, 06/03 @ 11:30 A.M. ET","06/25/2026","CP SFP SKY N TE GO "
"WEST HARTFORD CONN  GEN OBLIG BDS SER.  2026 A","5.000","SEMI-ANNUAL","06/01/2029","--","AAA","107.623","2.330","Yes","OPEN ORDER PERIOD","06/11/2026","CP SFP C TE GO "
"FARMERS STATE BANK","4.200","MONTHLY","06/05/2029","--","--","100.000","4.200","No","N/A","06/05/2026","SFP FDIC SO "
"BMW BANK NA","4.100","SEMIANNUAL","06/05/2029","--","--","100.000","4.100","Yes","N/A","06/05/2026","CP SFP FDIC SO SKY "
"WELLS FARGO BANK NA","4.150","MONTHLY","06/05/2029","--","--","100.000","4.150","Yes","N/A","06/05/2026","CP SFP FDIC SO "
"MANUFACTURERS & TRADERS TRUST COMPANY","4.100","SEMIANNUAL","06/08/2029","--","--","100.000","4.100","Yes","N/A","06/09/2026","CP SFP FDIC SO SKY "
"FEDERAL FARM CR BKS BOND","4.330","SEMI-ANNUAL","06/08/2029","--","AA+","100.000","4.330","No","N/A","06/08/2026","SFP "
"WELLS FARGO &CO     MTN","4.550","MONTHLY","06/11/2029","A1","BBB+","100.000","4.550","No","UNTIL TUE., 06/09 @ 11:30 A.M. ET","06/11/2026","SFP "
"MORGAN STANLEY BANK","4.200","SEMIANNUAL","06/11/2029","--","--","100.000","4.200","Yes","N/A","06/10/2026","CP SFP FDIC SO "
"THE UNION BANK","4.250","MONTHLY","06/11/2029","--","--","100.000","4.250","No","N/A","06/11/2026","SFP FDIC SO SKY "
"GOLDMAN SACHS BANK USA","4.100","SEMIANNUAL","06/11/2029","--","--","100.000","4.100","Yes","N/A","06/09/2026","CP SFP FDIC SO "
"FIRST FINANCIAL BANK USA","4.100","SEMIANNUAL","06/11/2029","--","--","100.000","4.100","Yes","N/A","06/11/2026","CP SFP FDIC SO "
"MORGAN STANLEY PRIVATE BANK","4.200","SEMIANNUAL","06/11/2029","--","--","100.000","4.200","Yes","N/A","06/10/2026","CP SFP FDIC SO "
"JP MORGAN CHASE","4.350","ANNUAL","06/12/2029","--","--","100.000","4.350","No","N/A","06/12/2026","SFP FDIC SO "
"MINNWEST BANK","4.050","MONTHLY","06/15/2029","--","--","100.000","4.050","Yes","N/A","06/15/2026","CP SFP FDIC SO "
"ELBA N Y CENT SCH   DIST GEN OBLIG BDS  SER. 2026","4.000","SEMI-ANNUAL","06/15/2029","--","AA","103.777","2.680","Yes","OPEN ORDER PERIOD","06/16/2026","CP SFP I C TE GO "
"ROYAL BK CDA        MTN","4.600","ANNUALLY","06/15/2029","A1","--","100.000","4.600","No","UNTIL THU., 06/11 @ 11:30 A.M. ET","06/15/2026","SFP "
"CITIGROUP INC       SER G MTN","4.600","SEMI-ANNUAL","06/15/2029","--","BBB+","100.000","4.600","No","UNTIL THU, 06/11 @ 11:30 A.M. ET","06/15/2026","SFP "
"BARCLAYS BANK PLC   MTN","4.850","ANNUALLY","06/15/2029","--","A+","100.000","4.850","No","UNTIL THU, 06/11 @ 11:30 A.M. ET","06/15/2026","SFP "
"CITIBANK NA","4.250","SEMIANNUAL","06/15/2029","--","--","100.000","4.250","No","N/A","06/15/2026","SFP FDIC SO "
"CELTIC BANK","4.100","MONTHLY","06/18/2029","--","--","100.000","4.100","Yes","N/A","06/16/2026","CP SFP FDIC SO SKY "
"GOLDMAN SACHS GROUP INC MTN","5.000","ANNUALLY","12/14/2029","A2","BBB+","100.000","5.000","No","UNTIL THU., 06/11 11:30 A.M. ET","06/15/2026","SFP "
"FIRST BUSINESS BANK","4.050","SEMIANNUAL","01/04/2030","--","--","100.000","4.050","Yes","N/A","06/04/2026","CP SFP FDIC SO "
"NORTHLAKE TEX       COMBINATION TAX LTD SURP REV CTFS OBLIG SER. 2026","5.000","SEMI-ANNUAL","02/15/2030","--","AA","107.521","2.810","Yes","OPEN ORDER PERIOD","06/25/2026","CP SFP C TE R "
"TOWN OF FLOWER MOUND, TX, GENERAL OBLIGATION IMPROVEMENT & REFUNDING BONDS SERIES 2026","5.000","SEMI-ANNUAL","03/01/2030","NR","AAA","107.935","2.720","Yes","UNTIL WEDNESDAY, 06/03 @ 11:30 A.M. ET","06/25/2026","CP SFP SKY N TE GO "
"TOWN OF FLOWER MOUND, TX, CERTIFICATES OF OBLIGATION        SERIES              2026","5.000","SEMI-ANNUAL","03/01/2030","NR","AAA","107.935","2.720","Yes","UNTIL WEDNESDAY, 06/03 @ 11:30 A.M. ET","06/25/2026","CP SFP SKY N TE GO "
"FIRST BUSINESS BANK","4.050","SEMIANNUAL","06/04/2030","--","--","100.000","4.050","Yes","N/A","06/04/2026","CP SFP FDIC SO "
"CELTIC BANK","4.050","MONTHLY","06/04/2030","--","--","100.000","4.050","Yes","N/A","06/04/2026","CP SFP FDIC SO SKY "
"WELLS FARGO BANK NA","4.150","MONTHLY","06/05/2030","--","--","100.000","4.150","Yes","N/A","06/05/2026","CP SFP FDIC SO "
"BMW BANK NA","4.200","SEMIANNUAL","06/05/2030","--","--","100.000","4.200","Yes","N/A","06/05/2026","CP SFP FDIC SO SKY "
"GOLDMAN SACHS BANK USA","4.200","SEMIANNUAL","06/10/2030","--","--","100.000","4.200","Yes","N/A","06/09/2026","CP SFP FDIC SO "
"MORGAN STANLEY PRIVATE BANK","4.300","SEMIANNUAL","06/10/2030","--","--","100.000","4.300","Yes","N/A","06/10/2026","CP SFP FDIC SO "
"MORGAN STANLEY BANK","4.300","SEMIANNUAL","06/10/2030","--","--","100.000","4.300","Yes","N/A","06/10/2026","CP SFP FDIC SO "
"WELLS FARGO &CO     MTN","4.700","MONTHLY","06/11/2030","A1","BBB+","100.000","4.700","No","UNTIL TUE., 06/09 @ 11:30 A.M. ET","06/11/2026","SFP "
"JP MORGAN CHASE","4.350","ANNUAL","06/12/2030","--","--","100.000","4.350","No","N/A","06/12/2026","SFP FDIC SO "
"TEXAS EXCHANGE BANK","4.250","MONTHLY","06/12/2030","--","--","100.000","4.250","Yes","N/A","06/12/2026","CP SFP FDIC SO SKY "
"FIRST FINANCIAL BANK USA","4.150","MONTHLY","06/12/2030","--","--","100.000","4.150","Yes","N/A","06/12/2026","CP SFP FDIC SO SKY "
"ELBA N Y CENT SCH   DIST GEN OBLIG BDS  SER. 2026","4.000","SEMI-ANNUAL","06/15/2030","--","AA","104.662","2.760","Yes","OPEN ORDER PERIOD","06/16/2026","CP SFP I C TE GO "
"GOLDMAN SACHS GROUP INC MTN","4.875","SEMI-ANNUAL","06/17/2030","A2","BBB+","100.000","4.875","No","UNTIL THU., 06/11 11:30 A.M. ET","06/17/2026","SFP "
"TOWN OF FLOWER MOUND, TX, GENERAL OBLIGATION IMPROVEMENT & REFUNDING BONDS SERIES 2026","5.000","SEMI-ANNUAL","03/01/2031","NR","AAA","109.497","2.820","Yes","UNTIL WEDNESDAY, 06/03 @ 11:30 A.M. ET","06/25/2026","CP SFP SKY N TE GO "
"TOWN OF FLOWER MOUND, TX, CERTIFICATES OF OBLIGATION        SERIES              2026","5.000","SEMI-ANNUAL","03/01/2031","NR","AAA","109.497","2.820","Yes","UNTIL WEDNESDAY, 06/03 @ 11:30 A.M. ET","06/25/2026","CP SFP SKY N TE GO "
"FEDERAL HOME LOAN   BANKS BOND","4.250","SEMI-ANNUAL","06/04/2031","AA1","AA+","100.000","4.250","No","N/A","06/04/2026","SFP "
"WELLS FARGO BANK NA","4.200","MONTHLY","06/05/2031","--","--","100.000","4.200","Yes","N/A","06/05/2026","CP SFP FDIC SO "
"GOLDMAN SACHS BANK USA","4.200","SEMIANNUAL","06/09/2031","--","--","100.000","4.200","Yes","N/A","06/09/2026","CP SFP FDIC SO "
"MORGAN STANLEY BANK","4.300","SEMIANNUAL","06/10/2031","--","--","100.000","4.300","Yes","N/A","06/10/2026","CP SFP FDIC SO "
"MORGAN STANLEY PRIVATE BANK","4.300","SEMIANNUAL","06/10/2031","--","--","100.000","4.300","Yes","N/A","06/10/2026","CP SFP FDIC SO "
"THE UNION BANK","4.350","MONTHLY","06/11/2031","--","--","100.000","4.350","No","N/A","06/11/2026","SFP FDIC SO SKY "
"MALAGA BANK FSB","4.000","MONTHLY","06/12/2031","--","--","100.000","4.000","Yes","N/A","06/12/2026","CP SFP FDIC SO SKY "
"DEUTSCHE BK AG      NOTE","5.050","ANNUALLY","06/12/2031","A1","A","100.000","5.050","No","UNTIL WED, 06/10 @ 11:30 A.M. ET","06/12/2026","SFP "
"JP MORGAN CHASE","4.450","ANNUAL","06/12/2031","--","--","100.000","4.450","No","N/A","06/12/2026","SFP FDIC SO "
"ELBA N Y CENT SCH   DIST GEN OBLIG BDS  SER. 2026","4.000","SEMI-ANNUAL","06/15/2031","--","AA","105.321","2.850","Yes","OPEN ORDER PERIOD","06/16/2026","CP SFP I C TE GO "
"CITIGROUP INC       SER G MTN","4.900","SEMI-ANNUAL","06/16/2031","--","BBB+","100.000","4.900","No","UNTIL FRI, 06/12 @ 11:30 A.M. ET","06/16/2026","SFP "
"ROYAL BK CDA        MTN","4.900","ANNUALLY","06/16/2031","A1","--","100.000","4.900","No","UNTIL FRI., 06/12 @ 11:30 A.M. ET","06/16/2026","SFP "
"FEDERAL NATL MTG    ASSN NOTE","4.450","SEMI-ANNUAL","06/16/2031","--","AA+","100.000","4.450","No","N/A","06/16/2026","SFP "
"FEDERAL HOME LOAN   BANKS BOND","4.550","SEMI-ANNUAL","06/17/2031","AA1","AA+","100.000","4.550","No","N/A","06/17/2026","SFP "
"CELTIC BANK","4.200","MONTHLY","06/24/2031","--","--","100.000","4.200","Yes","N/A","06/24/2026","CP SFP FDIC SO SKY "
"WELLS FARGO &CO     MTN","5.000","SEMI-ANNUAL","12/11/2031","A1","BBB+","100.000","5.000","No","UNTIL TUE., 06/09 @ 11:30 A.M. ET","06/11/2026","SFP "
"NORTHLAKE TEX       COMBINATION TAX LTD SURP REV CTFS OBLIG SER. 2026","5.000","SEMI-ANNUAL","02/15/2032","--","AA","110.464","2.970","Yes","OPEN ORDER PERIOD","06/25/2026","CP SFP C TE R "
"HARRIS CNTY TEX MUN UTIL DIST NO 50     UNLTD TAX BDS SER.  2026","5.000","SEMI-ANNUAL","03/01/2032","--","AA","107.316","3.300","No","OPEN ORDER PERIOD","06/25/2026","SFP I C TE GO "
"TOWN OF FLOWER MOUND, TX, GENERAL OBLIGATION IMPROVEMENT & REFUNDING BONDS SERIES 2026","5.000","SEMI-ANNUAL","03/01/2032","NR","AAA","110.926","2.900","Yes","UNTIL WEDNESDAY, 06/03 @ 11:30 A.M. ET","06/25/2026","CP SFP SKY N TE GO "
"TOWN OF FLOWER MOUND, TX, CERTIFICATES OF OBLIGATION        SERIES              2026","5.000","SEMI-ANNUAL","03/01/2032","NR","AAA","110.926","2.900","Yes","UNTIL WEDNESDAY, 06/03 @ 11:30 A.M. ET","06/25/2026","CP SFP SKY N TE GO "
"WEST HARTFORD CONN  GEN OBLIG BDS SER.  2026 A","5.000","SEMI-ANNUAL","06/01/2032","--","AAA","113.373","2.570","Yes","OPEN ORDER PERIOD","06/11/2026","CP SFP C TE GO "
"CELTIC BANK","4.200","MONTHLY","06/04/2032","--","--","100.000","4.200","Yes","N/A","06/04/2026","CP SFP FDIC SO SKY "
"ELBA N Y CENT SCH   DIST GEN OBLIG BDS  SER. 2026","4.000","SEMI-ANNUAL","06/15/2032","--","AA","105.789","2.940","Yes","OPEN ORDER PERIOD","06/16/2026","CP SFP I C TE GO "
"WALLER CNTY TEX WTR CTL & IMPT DIST NO 3UNLTD TAX BDS SER.  2026","6.000","SEMI-ANNUAL","09/01/2032","NR","AA","114.084","3.450","Yes","OPEN ORDER PERIOD","06/25/2026","CP SFP I C TE GO "
"NORTHLAKE TEX       COMBINATION TAX LTD SURP REV CTFS OBLIG SER. 2026","5.000","SEMI-ANNUAL","02/15/2033","--","AA","111.635","3.050","Yes","OPEN ORDER PERIOD","06/25/2026","CP SFP C TE R "
"HARRIS CNTY TEX MUN UTIL DIST NO 50     UNLTD TAX BDS SER.  2026","4.000","SEMI-ANNUAL","03/01/2033","--","AA","102.573","3.400","No","OPEN ORDER PERIOD","06/25/2026","SFP I C TE GO "
"TOWN OF FLOWER MOUND, TX, CERTIFICATES OF OBLIGATION        SERIES              2026","5.000","SEMI-ANNUAL","03/01/2033","NR","AAA","112.154","2.980","Yes","UNTIL WEDNESDAY, 06/03 @ 11:30 A.M. ET","06/25/2026","CP SFP SKY N TE GO "
"TOWN OF FLOWER MOUND, TX, GENERAL OBLIGATION IMPROVEMENT & REFUNDING BONDS SERIES 2026","5.000","SEMI-ANNUAL","03/01/2033","NR","AAA","112.154","2.980","Yes","UNTIL WEDNESDAY, 06/03 @ 11:30 A.M. ET","06/25/2026","CP SFP SKY N TE GO "
"GOLDMAN SACHS GROUP INC MTN","5.200","ANNUALLY","05/27/2033","A2","BBB+","100.000","5.200","No","UNTIL THU., 06/11 11:30 A.M. ET","06/15/2026","SFP "
"WEST HARTFORD CONN  GEN OBLIG BDS SER.  2026 A","5.000","SEMI-ANNUAL","06/01/2033","--","AAA","115.075","2.620","Yes","OPEN ORDER PERIOD","06/11/2026","CP SFP C TE GO "
"DEUTSCHE BK AG      NOTE","5.250","ANNUALLY","06/15/2033","A1","A","100.000","5.250","No","UNTIL WED, 06/10 @ 11:30 A.M. ET","06/15/2026","SFP "
"ELBA N Y CENT SCH   DIST GEN OBLIG BDS  SER. 2026","4.000","SEMI-ANNUAL","06/15/2033","--","AA","106.269","3.000","Yes","OPEN ORDER PERIOD","06/16/2026","CP SFP I C TE GO "
"BARCLAYS BANK PLC   MTN","5.350","ANNUALLY","06/16/2033","--","A+","100.000","5.350","No","UNTIL FRI, 06/12 @ 11:30 A.M. ET","06/16/2026","SFP "
"CELTIC BANK","4.500","MONTHLY","06/17/2033","--","--","100.000","4.500","No","N/A","06/18/2026","SFP FDIC SO SKY "
"FEDERAL HOME LOAN   BANKS BOND","5.000","SEMI-ANNUAL","12/16/2033","AA1","AA+","100.000","5.000","No","N/A","06/16/2026","SFP "
"NORTHLAKE TEX       COMBINATION TAX LTD SURP REV CTFS OBLIG SER. 2026","5.000","SEMI-ANNUAL","02/15/2034","--","AA","112.759","3.110","Yes","OPEN ORDER PERIOD","06/25/2026","CP SFP C TE R "
"HARRIS CNTY TEX MUN UTIL DIST NO 50     UNLTD TAX BDS SER.  2026","4.000","SEMI-ANNUAL","03/01/2034","--","AA","102.225","3.480","No","OPEN ORDER PERIOD","06/25/2026","SFP I C TE GO "
"TOWN OF FLOWER MOUND, TX, GENERAL OBLIGATION IMPROVEMENT & REFUNDING BONDS SERIES 2026","5.000","SEMI-ANNUAL","03/01/2034","NR","AAA","113.262","3.050","Yes","UNTIL WEDNESDAY, 06/03 @ 11:30 A.M. ET","06/25/2026","CP SFP SKY N TE GO "
"TOWN OF FLOWER MOUND, TX, CERTIFICATES OF OBLIGATION        SERIES              2026","5.000","SEMI-ANNUAL","03/01/2034","NR","AAA","113.262","3.050","Yes","UNTIL WEDNESDAY, 06/03 @ 11:30 A.M. ET","06/25/2026","CP SFP SKY N TE GO "
"FEDERAL HOME LOAN   BANKS BOND","5.080","SEMI-ANNUAL","06/09/2034","AA1","AA+","100.000","5.080","No","N/A","06/09/2026","SFP "
"ELBA N Y CENT SCH   DIST GEN OBLIG BDS  SER. 2026","4.000","SEMI-ANNUAL","06/15/2034","--","AA","106.404","3.090","Yes","OPEN ORDER PERIOD","06/16/2026","CP SFP I C TE GO "
"CITIGROUP INC       SER G MTN","5.150","SEMI-ANNUAL","06/16/2034","--","BBB+","100.000","5.150","No","UNTIL FRI, 06/12 @ 11:30 A.M. ET","06/16/2026","SFP "
"WALLER CNTY TEX WTR CTL & IMPT DIST NO 3UNLTD TAX BDS SER.  2026","6.000","SEMI-ANNUAL","09/01/2034","NR","AA","113.014","3.630","No","OPEN ORDER PERIOD","06/25/2026","SFP I C TE GO "
"FEDERAL FARM CR BKS BOND","4.860","SEMI-ANNUAL","12/05/2034","AA1","AA+","100.000","4.860","No","N/A","06/05/2026","SFP "
"NORTHLAKE TEX       COMBINATION TAX LTD SURP REV CTFS OBLIG SER. 2026","5.000","SEMI-ANNUAL","02/15/2035","--","AA","113.407","3.210","Yes","OPEN ORDER PERIOD","06/25/2026","CP SFP C TE R "
"TOWN OF FLOWER MOUND, TX, CERTIFICATES OF OBLIGATION        SERIES              2026","5.000","SEMI-ANNUAL","03/01/2035","NR","AAA","114.117","3.130","Yes","UNTIL WEDNESDAY, 06/03 @ 11:30 A.M. ET","06/25/2026","CP SFP SKY N TE GO "
"TOWN OF FLOWER MOUND, TX, GENERAL OBLIGATION IMPROVEMENT & REFUNDING BONDS SERIES 2026","5.000","SEMI-ANNUAL","03/01/2035","NR","AAA","114.117","3.130","Yes","UNTIL WEDNESDAY, 06/03 @ 11:30 A.M. ET","06/25/2026","CP SFP SKY N TE GO "
"FEDERAL FARM CR BKS BOND","5.050","SEMI-ANNUAL","06/04/2035","AA1","AA+","100.000","5.050","No","N/A","06/04/2026","SFP "
"WALLER CNTY TEX WTR CTL & IMPT DIST NO 3UNLTD TAX BDS SER.  2026","5.000","SEMI-ANNUAL","09/01/2035","NR","AA","107.007","3.720","No","OPEN ORDER PERIOD","06/25/2026","SFP I C TE GO "
"NORTHLAKE TEX       COMBINATION TAX LTD SURP REV CTFS OBLIG SER. 2026","5.000","SEMI-ANNUAL","02/15/2036","--","AA","112.683","3.300","No","OPEN ORDER PERIOD","06/25/2026","SFP C TE R "
"HARRIS CNTY TEX MUN UTIL DIST NO 50 UNLTD TAX BDS SER.  2026","4.000","SEMI-ANNUAL","03/01/2036","--","AA","101.274","3.700","No","OPEN ORDER PERIOD","06/25/2026","SFP I C TE GO "
"TOWN OF FLOWER MOUND, TX, GENERAL OBLIGATION IMPROVEMENT & REFUNDING BONDS SERIES 2026","5.000","SEMI-ANNUAL","03/01/2036","NR","AAA","113.385","3.220","No","UNTIL WEDNESDAY, 06/03 @ 11:30 A.M. ET","06/25/2026","SFP SKY N TE GO "
"TOWN OF FLOWER MOUND, TX, CERTIFICATES OF OBLIGATION        SERIES              2026","5.000","SEMI-ANNUAL","03/01/2036","NR","AAA","113.385","3.220","No","UNTIL WEDNESDAY, 06/03 @ 11:30 A.M. ET","06/25/2026","SFP SKY N TE GO "
"GOLDMAN SACHS GROUP INC MTN","5.400","ANNUALLY","05/27/2036","A2","BBB+","100.000","5.400","No","UNTIL THU., 06/11 11:30 A.M. ET","06/15/2026","SFP "
"WEST HARTFORD CONN  GEN OBLIG BDS SER.  2026 A","4.000","SEMI-ANNUAL","06/01/2036","--","AAA","107.483","2.940","No","OPEN ORDER PERIOD","06/11/2026","SFP C TE GO "
"FEDERAL HOME LOAN   BANKS BOND","5.090","SEMI-ANNUAL","06/04/2036","AA1","AA+","100.000","5.090","No","N/A","06/04/2026","SFP "
"JONESBORO STATE BANK","4.450","MONTHLY","06/05/2036","--","--","100.000","4.450","No","N/A","06/05/2026","SFP FDIC SO SKY "
"FEDERAL HOME LOAN   BANKS BOND","5.225","SEMI-ANNUAL","06/10/2036","AA1","AA+","100.000","5.225","No","N/A","06/10/2026","SFP "
"FEDERAL HOME LOAN   BANKS BOND","4.750","SEMI-ANNUAL","06/11/2036","AA1","AA+","100.000","4.750","No","N/A","06/11/2026","SFP "
"WELLS FARGO &CO     MTN","5.250","SEMI-ANNUAL","06/11/2036","A1","BBB+","100.000","5.250","No","UNTIL TUE., 06/09 @ 11:30 A.M. ET","06/11/2026","SFP "
"DEUTSCHE BK AG      NOTE","5.400","ANNUALLY","06/12/2036","A1","A","100.000","5.400","No","UNTIL WED, 06/10 @ 11:30 A.M. ET","06/12/2026","SFP "
"CITIGROUP INC       SER G MTN","5.350","SEMI-ANNUAL","06/16/2036","--","BBB+","100.000","5.350","No","UNTIL FRI, 06/12 @ 11:30 A.M. ET","06/16/2026","SFP "
"CELTIC BANK","4.500","MONTHLY","06/18/2036","--","--","100.000","4.500","No","N/A","06/18/2026","SFP FDIC SO SKY "
"NORTHLAKE TEX       COMBINATION TAX LTD SURP REV CTFS OBLIG SER. 2026","5.000","SEMI-ANNUAL","02/15/2037","--","AA","111.886","3.400","No","OPEN ORDER PERIOD","06/25/2026","SFP C TE R "
"HARRIS CNTY TEX MUN UTIL DIST NO 50     UNLTD TAX BDS SER.  2026","4.000","SEMI-ANNUAL","03/01/2037","--","AA","100.718","3.830","No","OPEN ORDER PERIOD","06/25/2026","SFP I C TE GO "
"TOWN OF FLOWER MOUND, TX, CERTIFICATES OF OBLIGATION        SERIES              2026","5.000","SEMI-ANNUAL","03/01/2037","NR","AAA","112.659","3.310","No","UNTIL WEDNESDAY, 06/03 @ 11:30 A.M. ET","06/25/2026","SFP SKY N TE GO "
"TOWN OF FLOWER MOUND, TX, GENERAL OBLIGATION IMPROVEMENT & REFUNDING BONDS SERIES 2026","5.000","SEMI-ANNUAL","03/01/2037","NR","AAA","112.659","3.310","No","UNTIL WEDNESDAY, 06/03 @ 11:30 A.M. ET","06/25/2026","SFP SKY N TE GO "
"WEST HARTFORD CONN  GEN OBLIG BDS SER.  2026 A","4.000","SEMI-ANNUAL","06/01/2037","--","AAA","106.677","3.050","No","OPEN ORDER PERIOD","06/11/2026","SFP C TE GO "
"ELBA N Y CENT SCH   DIST GEN OBLIG BDS  SER. 2026","4.000","SEMI-ANNUAL","06/15/2037","--","AA","103.744","3.460","No","OPEN ORDER PERIOD","06/16/2026","SFP I C TE GO "
"FEDERAL HOME LOAN   BANKS BOND","5.250","SEMI-ANNUAL","06/17/2037","AA1","AA+","100.000","5.250","No","N/A","06/17/2026","SFP "
"NORTHLAKE TEX       COMBINATION TAX LTD SURP REV CTFS OBLIG SER. 2026","5.000","SEMI-ANNUAL","02/15/2038","--","AA","111.174","3.490","No","OPEN ORDER PERIOD","06/25/2026","SFP C TE R "
"TOWN OF FLOWER MOUND, TX, CERTIFICATES OF OBLIGATION        SERIES              2026","5.000","SEMI-ANNUAL","03/01/2038","NR","AAA","111.938","3.400","No","UNTIL WEDNESDAY, 06/03 @ 11:30 A.M. ET","06/25/2026","SFP SKY N TE GO "
"TOWN OF FLOWER MOUND, TX, GENERAL OBLIGATION IMPROVEMENT & REFUNDING BONDS SERIES 2026","5.000","SEMI-ANNUAL","03/01/2038","NR","AAA","111.938","3.400","No","UNTIL WEDNESDAY, 06/03 @ 11:30 A.M. ET","06/25/2026","SFP SKY N TE GO "
"BANK OF AMER CORP   SER P MTN","5.550","SEMI-ANNUAL","06/08/2038","A1","A-","100.000","5.550","No","UNTIL THU, 06/04 @ 11:30 A.M. ET","06/08/2026","SFP "
"PROVINCETOWN MASS   GEN OBLIG MUN PURP  LN BDS SER. 2026","4.000","SEMI-ANNUAL","06/15/2038","--","AA+","105.728","3.260","No","OPEN ORDER PERIOD","06/17/2026","SFP C TE GO "
"ELBA N Y CENT SCH   DIST GEN OBLIG BDS  SER. 2026","4.000","SEMI-ANNUAL","06/15/2038","--","AA","102.618","3.620","No","OPEN ORDER PERIOD","06/16/2026","SFP I C TE GO "
"WALLER CNTY TEX WTR CTL & IMPT DIST NO 3UNLTD TAX BDS SER.  2026","4.000","SEMI-ANNUAL","09/01/2038","NR","AA","99.995","4.000","No","OPEN ORDER PERIOD","06/25/2026","I C TE GO "
"NORTHLAKE TEX       COMBINATION TAX LTD SURP REV CTFS OBLIG SER. 2026","5.000","SEMI-ANNUAL","02/15/2039","--","AA","110.623","3.560","No","OPEN ORDER PERIOD","06/25/2026","SFP C TE R "
"HARRIS CNTY TEX MUN UTIL DIST NO 50     UNLTD TAX BDS SER.  2026","4.000","SEMI-ANNUAL","03/01/2039","--","AA","99.995","4.000","No","OPEN ORDER PERIOD","06/25/2026","I C TE GO "
"TOWN OF FLOWER MOUND, TX, CERTIFICATES OF OBLIGATION        SERIES              2026","5.000","SEMI-ANNUAL","03/01/2039","NR","AAA","111.302","3.480","No","UNTIL WEDNESDAY, 06/03 @ 11:30 A.M. ET","06/25/2026","SFP SKY N TE GO "
"TOWN OF FLOWER MOUND, TX, GENERAL OBLIGATION IMPROVEMENT & REFUNDING BONDS SERIES 2026","5.000","SEMI-ANNUAL","03/01/2039","NR","AAA","111.302","3.480","No","UNTIL WEDNESDAY, 06/03 @ 11:30 A.M. ET","06/25/2026","SFP SKY N TE GO "
"BURLINGTON CNTY N J COLLEGE BDS SER.    2026","4.000","SEMI-ANNUAL","03/01/2039","AA1","--","105.102","3.320","No","OPEN ORDER PERIOD","06/16/2026","SFP C TE GO "
"WEST HARTFORD CONN  GEN OBLIG BDS SER.  2026 A","4.000","SEMI-ANNUAL","06/01/2039","--","AAA","105.229","3.250","No","OPEN ORDER PERIOD","06/11/2026","SFP C TE GO "
"PROVINCETOWN MASS   GEN OBLIG MUN PURP  LN BDS SER. 2026","4.000","SEMI-ANNUAL","06/15/2039","--","AA+","104.615","3.400","No","OPEN ORDER PERIOD","06/17/2026","SFP C TE GO "
"ELBA N Y CENT SCH   DIST GEN OBLIG BDS  SER. 2026","4.000","SEMI-ANNUAL","06/15/2039","--","AA","101.506","3.780","No","OPEN ORDER PERIOD","06/16/2026","SFP I C TE GO "
"NORTHLAKE TEX       COMBINATION TAX LTD SURP REV CTFS OBLIG SER. 2026","5.000","SEMI-ANNUAL","02/15/2040","--","AA","109.921","3.650","No","OPEN ORDER PERIOD","06/25/2026","SFP C TE R "
"HARRIS CNTY TEX MUN UTIL DIST NO 50     UNLTD TAX BDS SER.  2026","4.000","SEMI-ANNUAL","03/01/2040","--","AA","99.162","4.080","No","OPEN ORDER PERIOD","06/25/2026","SFP I C TE GO "
"BURLINGTON CNTY N J COLLEGE BDS SER.    2026","4.000","SEMI-ANNUAL","03/01/2040","AA1","--","104.255","3.430","No","OPEN ORDER PERIOD","06/16/2026","SFP C TE GO "
"TOWN OF FLOWER MOUND, TX, GENERAL OBLIGATION IMPROVEMENT & REFUNDING BONDS SERIES 2026","5.000","SEMI-ANNUAL","03/01/2040","NR","AAA","110.670","3.560","No","UNTIL WEDNESDAY, 06/03 @ 11:30 A.M. ET","06/25/2026","SFP SKY N TE GO "
"TOWN OF FLOWER MOUND, TX, CERTIFICATES OF OBLIGATION        SERIES              2026","5.000","SEMI-ANNUAL","03/01/2040","NR","AAA","110.670","3.560","No","UNTIL WEDNESDAY, 06/03 @ 11:30 A.M. ET","06/25/2026","SFP SKY N TE GO "
"WEST HARTFORD CONN  GEN OBLIG BDS SER.  2026 A","4.000","SEMI-ANNUAL","06/01/2040","--","AAA","104.870","3.300","No","OPEN ORDER PERIOD","06/11/2026","SFP C TE GO "
"PROVINCETOWN MASS   GEN OBLIG MUN PURP  LN BDS SER. 2026","4.000","SEMI-ANNUAL","06/15/2040","--","AA+","103.986","3.480","No","OPEN ORDER PERIOD","06/17/2026","SFP C TE GO "
"ELBA N Y CENT SCH   DIST GEN OBLIG BDS  SER. 2026","4.000","SEMI-ANNUAL","06/15/2040","--","AA","100.818","3.880","No","OPEN ORDER PERIOD","06/16/2026","SFP I C TE GO "
"WALLER CNTY TEX WTR CTL & IMPT DIST NO 3UNLTD TAX BDS SER.  2026","4.000","SEMI-ANNUAL","09/01/2040","NR","AA","98.927","4.100","No","OPEN ORDER PERIOD","06/25/2026","I C TE GO "
"NORTHLAKE TEX       COMBINATION TAX LTD SURP REV CTFS OBLIG SER. 2026","5.000","SEMI-ANNUAL","02/15/2041","--","AA","109.378","3.720","No","OPEN ORDER PERIOD","06/25/2026","SFP C TE R "
"TOWN OF FLOWER MOUND, TX, CERTIFICATES OF OBLIGATION        SERIES              2026","5.000","SEMI-ANNUAL","03/01/2041","NR","AAA","110.120","3.630","No","UNTIL WEDNESDAY, 06/03 @ 11:30 A.M. ET","06/25/2026","SFP SKY N TE GO "
"TOWN OF FLOWER MOUND, TX, GENERAL OBLIGATION IMPROVEMENT & REFUNDING BONDS SERIES 2026","5.000","SEMI-ANNUAL","03/01/2041","NR","AAA","110.120","3.630","No","UNTIL WEDNESDAY, 06/03 @ 11:30 A.M. ET","06/25/2026","SFP SKY N TE GO "
"WEST HARTFORD CONN  GEN OBLIG BDS SER.  2026 A","4.000","SEMI-ANNUAL","06/01/2041","--","AAA","104.158","3.400","No","OPEN ORDER PERIOD","06/11/2026","SFP C TE GO "
"WELLS FARGO &CO     MTN","5.550","SEMI-ANNUAL","06/11/2041","A1","BBB+","100.000","5.550","No","UNTIL TUE., 06/09 @ 11:30 A.M. ET","06/11/2026","SFP "
"ROYAL BK CDA        MTN","5.550","ANNUALLY","06/12/2041","A1","--","100.000","5.550","No","UNTIL WED., 06/10 @ 11:30 A.M. ET","06/12/2026","SFP "
"PROVINCETOWN MASS   GEN OBLIG MUN PURP  LN BDS SER. 2026","4.000","SEMI-ANNUAL","06/15/2041","--","AA+","103.205","3.580","No","OPEN ORDER PERIOD","06/17/2026","SFP C TE GO "
"FEDERAL HOME LOAN   BANKS BOND","5.600","SEMI-ANNUAL","06/17/2041","--","--","100.000","5.600","No","N/A","06/17/2026","SFP "
"CITIGROUP INC       SER G MTN","5.600","SEMI-ANNUAL","06/17/2041","--","BBB+","100.000","5.600","No","UNTIL MON, 06/15 @ 11:30 A.M. ET","06/17/2026","SFP "
"DEUTSCHE BK AG      NOTE","5.750","ANNUALLY","06/17/2041","A1","A","100.000","5.750","No","UNTIL MON, 06/15 @ 11:30 A.M. ET","06/17/2026","SFP "
"NORTHLAKE TEX       COMBINATION TAX LTD SURP REV CTFS OBLIG SER. 2026","4.000","SEMI-ANNUAL","02/15/2042","--","AA","99.996","4.000","No","OPEN ORDER PERIOD","06/25/2026","SFP C TE R "
"HARRIS CNTY TEX MUN UTIL DIST NO 50     UNLTD TAX BDS SER.  2026","4.125","SEMI-ANNUAL","03/01/2042","--","AA","99.253","4.190","No","OPEN ORDER PERIOD","06/25/2026","SFP I C TE GO "
"TOWN OF FLOWER MOUND, TX, GENERAL OBLIGATION IMPROVEMENT & REFUNDING BONDS SERIES 2026","5.000","SEMI-ANNUAL","03/01/2042","NR","AAA","109.496","3.710","No","UNTIL WEDNESDAY, 06/03 @ 11:30 A.M. ET","06/25/2026","SFP SKY N TE GO "
"TOWN OF FLOWER MOUND, TX, CERTIFICATES OF OBLIGATION        SERIES              2026","5.000","SEMI-ANNUAL","03/01/2042","NR","AAA","109.496","3.710","No","UNTIL WEDNESDAY, 06/03 @ 11:30 A.M. ET","06/25/2026","SFP SKY N TE GO "
"HARRIS CNTY TEX WTR CTL & IMPT DIST NO  136 UNLTD TAX WTRWKSSWR SYS COMBINATION REV BDS SER. 2026","4.125","SEMI-ANNUAL","09/01/2042","--","AA","99.586","4.160","No","OPEN ORDER PERIOD","06/30/2026","SFP I C TE R "
"NORTHLAKE TEX       COMBINATION TAX LTD SURP REV CTFS OBLIG SER. 2026","4.000","SEMI-ANNUAL","02/15/2043","--","AA","99.394","4.050","No","OPEN ORDER PERIOD","06/25/2026","SFP C TE R "
"TOWN OF FLOWER MOUND, TX, CERTIFICATES OF OBLIGATION        SERIES              2026","5.000","SEMI-ANNUAL","03/01/2043","NR","AAA","108.799","3.800","No","UNTIL WEDNESDAY, 06/03 @ 11:30 A.M. ET","06/25/2026","SFP SKY N TE GO "
"TOWN OF FLOWER MOUND, TX, GENERAL OBLIGATION IMPROVEMENT & REFUNDING BONDS SERIES 2026","5.000","SEMI-ANNUAL","03/01/2043","NR","AAA","108.799","3.800","No","UNTIL WEDNESDAY, 06/03 @ 11:30 A.M. ET","06/25/2026","SFP SKY N TE GO "
"WEST HARTFORD CONN  GEN OBLIG BDS SER.  2026 A","4.000","SEMI-ANNUAL","06/01/2043","--","AAA","102.819","3.590","No","OPEN ORDER PERIOD","06/11/2026","SFP C TE GO "
"HARRIS CNTY TEX WTR CTL & IMPT DIST NO  136 UNLTD TAX WTRWKSSWR SYS COMBINATION REV BDS SER. 2026","4.250","SEMI-ANNUAL","09/01/2043","--","AA","99.994","4.250","No","OPEN ORDER PERIOD","06/30/2026","SFP I C TE R "
"NORTHLAKE TEX       COMBINATION TAX LTD SURP REV CTFS OBLIG SER. 2026","4.000","SEMI-ANNUAL","02/15/2044","--","AA","98.748","4.100","No","OPEN ORDER PERIOD","06/25/2026","SFP C TE R "
"HARRIS CNTY TEX MUN UTIL DIST NO 50     UNLTD TAX BDS SER.  2026","4.250","SEMI-ANNUAL","03/01/2044","--","AA","98.648","4.360","No","OPEN ORDER PERIOD","06/25/2026","SFP I C TE GO "
"TOWN OF FLOWER MOUND, TX, CERTIFICATES OF OBLIGATION        SERIES              2026","5.000","SEMI-ANNUAL","03/01/2044","NR","AAA","108.031","3.900","No","UNTIL WEDNESDAY, 06/03 @ 11:30 A.M. ET","06/25/2026","SFP SKY N TE GO "
"TOWN OF FLOWER MOUND, TX, GENERAL OBLIGATION IMPROVEMENT & REFUNDING BONDS SERIES 2026","5.000","SEMI-ANNUAL","03/01/2044","NR","AAA","108.031","3.900","No","UNTIL WEDNESDAY, 06/03 @ 11:30 A.M. ET","06/25/2026","SFP SKY N TE GO "
"WEST HARTFORD CONN  GEN OBLIG BDS SER.  2026 A","4.000","SEMI-ANNUAL","06/01/2044","--","AAA","102.053","3.700","No","OPEN ORDER PERIOD","06/11/2026","SFP C TE GO "
"WALLER CNTY TEX WTR CTL & IMPT DIST NO 3UNLTD TAX BDS SER.  2026","4.375","SEMI-ANNUAL","09/01/2044","NR","AA","99.683","4.400","No","OPEN ORDER PERIOD","06/25/2026","I C TE GO "
"HARRIS CNTY TEX WTR CTL & IMPT DIST NO  136 UNLTD TAX WTRWKSSWR SYS COMBINATION REV BDS SER. 2026","4.250","SEMI-ANNUAL","09/01/2044","--","AA","99.368","4.300","No","OPEN ORDER PERIOD","06/30/2026","SFP I C TE R "
"NORTHLAKE TEX       COMBINATION TAX LTD SURP REV CTFS OBLIG SER. 2026","4.125","SEMI-ANNUAL","02/15/2045","--","AA","98.905","4.210","No","OPEN ORDER PERIOD","06/25/2026","SFP C TE R "
"HARRIS CNTY TEX MUN UTIL DIST NO 50     UNLTD TAX BDS SER.  2026","4.375","SEMI-ANNUAL","03/01/2045","--","AA","98.924","4.460","No","OPEN ORDER PERIOD","06/25/2026","SFP I C TE GO "
"TOWN OF FLOWER MOUND, TX, CERTIFICATES OF OBLIGATION        SERIES              2026","5.000","SEMI-ANNUAL","03/01/2045","NR","AAA","107.042","4.030","No","UNTIL WEDNESDAY, 06/03 @ 11:30 A.M. ET","06/25/2026","SFP SKY N TE GO "
"TOWN OF FLOWER MOUND, TX, GENERAL OBLIGATION IMPROVEMENT & REFUNDING BONDS SERIES 2026","5.000","SEMI-ANNUAL","03/01/2045","NR","AAA","107.042","4.030","No","UNTIL WEDNESDAY, 06/03 @ 11:30 A.M. ET","06/25/2026","SFP SKY N TE GO "
"WEST HARTFORD CONN  GEN OBLIG BDS SER.  2026 A","4.000","SEMI-ANNUAL","06/01/2045","--","AAA","101.157","3.830","No","OPEN ORDER PERIOD","06/11/2026","SFP C TE GO "
"HARRIS CNTY TEX WTR CTL & IMPT DIST NO  136 UNLTD TAX WTRWKSSWR SYS COMBINATION REV BDS SER. 2026","4.375","SEMI-ANNUAL","09/01/2045","--","AA","99.673","4.400","No","OPEN ORDER PERIOD","06/30/2026","SFP I C TE R "
"NORTHLAKE TEX       COMBINATION TAX LTD SURP REV CTFS OBLIG SER. 2026","4.125","SEMI-ANNUAL","02/15/2046","--","AA","97.431","4.320","No","OPEN ORDER PERIOD","06/25/2026","SFP C TE R "
"HARRIS CNTY TEX MUN UTIL DIST NO 50     UNLTD TAX BDS SER.  2026","4.500","SEMI-ANNUAL","03/01/2046","--","AA","99.348","4.550","No","OPEN ORDER PERIOD","06/25/2026","SFP I C TE GO "
"TOWN OF FLOWER MOUND, TX, CERTIFICATES OF OBLIGATION        SERIES              2026","5.000","SEMI-ANNUAL","03/01/2046","NR","AAA","106.138","4.150","No","UNTIL WEDNESDAY, 06/03 @ 11:30 A.M. ET","06/25/2026","SFP SKY N TE GO "
"TOWN OF FLOWER MOUND, TX, GENERAL OBLIGATION IMPROVEMENT & REFUNDING BONDS SERIES 2026","5.000","SEMI-ANNUAL","03/01/2046","NR","AAA","106.138","4.150","No","UNTIL WEDNESDAY, 06/03 @ 11:30 A.M. ET","06/25/2026","SFP SKY N TE GO "
"FEDERAL HOME LOAN   BANKS BOND","5.700","SEMI-ANNUAL","06/15/2046","AA1","AA+","100.000","5.700","No","N/A","06/15/2026","SFP "
"CITIGROUP INC       SER G MTN","5.800","SEMI-ANNUAL","06/15/2046","--","BBB+","100.000","5.800","No","UNTIL THU, 06/11 @ 11:30 A.M. ET","06/15/2026","SFP "
"HARRIS CNTY TEX WTR CTL & IMPT DIST NO  136 UNLTD TAX WTRWKSSWR SYS COMBINATION REV BDS SER. 2026","4.500","SEMI-ANNUAL","09/01/2046","--","AA","99.862","4.510","No","OPEN ORDER PERIOD","06/30/2026","SFP I C TE R "
"HARRIS CNTY TEX MUN UTIL DIST NO 50     UNLTD TAX BDS SER.  2026","4.500","SEMI-ANNUAL","03/01/2047","--","AA","98.014","4.650","No","OPEN ORDER PERIOD","06/25/2026","SFP I C TE GO "
"HARRIS CNTY TEX WTR CTL & IMPT DIST NO  136 UNLTD TAX WTRWKSSWR SYS COMBINATION REV BDS SER. 2026","4.500","SEMI-ANNUAL","09/01/2047","--","AA","98.650","4.600","No","OPEN ORDER PERIOD","06/30/2026","SFP I C TE R "
"HARRIS CNTY TEX MUN UTIL DIST NO 50     UNLTD TAX BDS SER.  2026","4.500","SEMI-ANNUAL","03/01/2048","--","AA","97.558","4.680","No","OPEN ORDER PERIOD","06/25/2026","SFP I C TE GO "
"WALLER CNTY TEX WTR CTL & IMPT DIST NO 3UNLTD TAX BDS SER.  2026","4.625","SEMI-ANNUAL","09/01/2048","NR","AA","98.560","4.730","No","OPEN ORDER PERIOD","06/25/2026","I C TE GO "
"HARRIS CNTY TEX WTR CTL & IMPT DIST NO  136 UNLTD TAX WTRWKSSWR SYS COMBINATION REV BDS SER. 2026","4.500","SEMI-ANNUAL","09/01/2048","--","AA","98.204","4.630","No","OPEN ORDER PERIOD","06/30/2026","SFP I C TE R "
"HARRIS CNTY TEX WTR CTL & IMPT DIST NO  136 UNLTD TAX WTRWKSSWR SYS COMBINATION REV BDS SER. 2026","4.625","SEMI-ANNUAL","09/01/2049","--","AA","99.641","4.650","No","OPEN ORDER PERIOD","06/30/2026","SFP I C TE R "
"HARRIS CNTY TEX MUN UTIL DIST NO 50     UNLTD TAX BDS SER.  2026","4.500","SEMI-ANNUAL","03/01/2050","--","AA","97.154","4.700","No","OPEN ORDER PERIOD","06/25/2026","I C TE GO "
"DEUTSCHE BK AG      NOTE","6.000","ANNUALLY","06/12/2051","A1","A","100.000","6.000","No","UNTIL WED, 06/10 @ 11:30 A.M. ET","06/12/2026","SFP "
"BARCLAYS BANK PLC   MTN","5.850","ANNUALLY","06/16/2051","--","--","100.000","5.850","No","UNTIL THU, 06/11 @ 11:30 A.M. ET","06/16/2026","SFP "
"HARRIS CNTY TEX WTR CTL & IMPT DIST NO  136 UNLTD TAX WTRWKSSWR SYS COMBINATION REV BDS SER. 2026","4.625","SEMI-ANNUAL","09/01/2051","--","AA","99.331","4.670","No","OPEN ORDER PERIOD","06/30/2026","I C TE R "
"HARRIS CNTY TEX WTR CTL & IMPT DIST NO  136 UNLTD TAX WTRWKSSWR SYS COMBINATION REV BDS SER. 2026","4.625","SEMI-ANNUAL","09/01/2053","--","AA","98.849","4.700","No","OPEN ORDER PERIOD","06/30/2026","I C TE R "
"BARCLAYS BANK PLC   MTN","5.900","ANNUALLY","06/16/2056","--","--","100.000","5.900","No","UNTIL FRI, 06/12 @ 11:30 A.M. ET","06/16/2026","SFP "
""
"The data and information in this spreadsheet is provided to you solely for your use and is not for distribution. The"
"spreadsheet is provided for informational purposes only, and is not intended to provide advice, nor should it be"
"construed as an offer to sell, a solicitation of an offer to buy or a recommendation for any security by Fidelity or any"
"third party. Data and information shown is based on information known to Fidelity as of the date it was exported and "
"is subject to change. It should not be used in place of your account statements or trade confirmations and is not "
"intended for tax reporting purposes. For more information on the data included in this spreadsheet, including any "
"limitations thereof, go to Fidelity.com. "
""
"Brokerage services are provided by Fidelity Brokerage Services LLC, 900 Salem Street, Smithfield, RI 02917. "
"Custody and other services provided by National Financial Services LLC. Both are Fidelity Investment companies "
"and members SIPC, NYSE. "
""
"Date downloaded 06/02/2026 10:23 PM"